{
  "4": [0.0164, 0.0028, 0.08855],
  "6": [0.00059, 0.00265, 0.00066],
  "8": [0.00071, 0.0028, 0.00575],
  "14": [0.00044, 0.00276, 0.00023],
  "15": [0.00027, 0.0028, 0.00076],
  "16": [0.00062, 0.0027, 0.00011],
  "17": [0.00256, 0.00272, 0],
  "21": [0.00769, 0.0028, 0],
  "23": [0.00278, 0.00294, 0.00339],
  "24": [0.00035, 0.00297, 0.00043],
  "25": [0.00943, 0.00295, 0.0098],
  "26": [0.01153, 0.00311, 0.024],
  "27": [0.00549, 0.00293, 0],
  "28": [0.00029, 0.00286, 0.00268],
  "29": [0.00188, 0.00298, 0.01247],
  "30": [0.00029, 0.00278, 0.00199],
  "31": [0.00216, 0.00268, 0],
  "32": [0.00181, 0.00283, 2e-5],
  "33": [0.00151, 0.0026, 2e-5],
  "34": [0.00583, 0.0027, 0.00102],
  "35": [0.00097, 0.0028, 9e-5],
  "36": [0.00075, 0.0028, 0.00011],
  "37": [0.00919, 0.00305, 0.00611],
  "38": [0.00879, 0.00302, 0.00427],
  "39": [0.00784, 0.00294, 0.00252],
  "40": [0.01293, 0.00275, 0.0478],
  "41": [0.01075, 0.00285, 0.0318],
  "42": [0.00987, 0.00297, 0.01304],
  "43": [0.00756, 0.0029, 0.00125],
  "44": [0.00028, 0.00284, 0.00132],
  "45": [0.00105, 0.0028, 0.00011],
  "46": [0.00025, 0.00278, 0.00161],
  "47": [0.00603, 0.00301, 0.036],
  "48": [0.00605, 0.0028, 0],
  "49": [0.00695, 0.0028, 0],
  "50": [0.00225, 0.00283, 0.01405],
  "51": [0.00355, 0.0029, 1e-5],
  "52": [0.00382, 0.00278, 0],
  "53": [0.00453, 0.0028, 0],
  "54": [0.00038, 0.0029, 0.00396],
  "55": [0.0004, 0.00275, 0.00408],
  "57": [0.00136, 0.0028, 5e-5],
  "58": [0.00378, 0.00285, 1e-5],
  "59": [0.00209, 0.0028, 1e-5],
  "60": [0.00206, 0.0027, 0.00195],
  "61": [0.00149, 0.0028, 0.0004],
  "62": [0.00287, 0.0028, 0],
  "63": [0.0145, 0.00275, 0.0655],
  "64": [0.00177, 0.0031, 0.01296],
  "65": [0.0085, 0.0027, 0.00783],
  "66": [0.0032, 0.00285, 0.02083],
  "67": [0.0023, 0.00269, 0],
  "68": [0.00296, 0.00274, 0.00078],
  "69": [0.00257, 0.00262, 0.00149],
  "70": [0.00478, 0.0029, 0.00457],
  "71": [0.0011, 0.00285, 0.00123],
  "72": [0.00217, 0.00285, 0.0007],
  "73": [0.0046, 0.0029, 0.00217],
  "74": [0.00265, 0.00259, 0.01052],
  "75": [0.00251, 0.00275, 0.00574],
  "76": [0.00522, 0.0026, 0.0128],
  "77": [0.0011, 0.0028, 0.00354],
  "78": [0.00111, 0.0025, 0.00261],
  "79": [0.00503, 0.0029, 0.00656],
  "80": [0.0057, 0.0031, 0.0102],
  "81": [0.00421, 0.00265, 0.0026],
  "82": [0.0055, 0.00288, 0.0178],
  "83": [0.00438, 0.00272, 0.01633],
  "84": [0.00307, 0.0028, 0.0063],
  "85": [0.00149, 0.00308, 0.00231],
  "86": [0.00132, 0.003, 0.00229],
  "87": [0.00445, 0.00295, 0.00104],
  "88": [0.00416, 0.0029, 0.00105],
  "89": [0.00387, 0.00307, 0.00115],
  "90": [0.0033, 0.0028, 0.0009],
  "91": [0.00327, 0.00285, 0.00099],
  "92": [0.01055, 0.003, 0.01803],
  "93": [0.00194, 0.00265, 0.00229],
  "94": [0.00175, 0.00306, 0.00166],
  "95": [0.00361, 0.003, 0.00188],
  "96": [0.00378, 0.003, 0.00223],
  "97": [0.00387, 0.00312, 0.00687],
  "98": [0.0019, 0.0028, 0.00405],
  "99": [0.0038, 0.00315, 0.00413],
  "100": [0.00385, 0.00281, 0.00957],
  "101": [0.00224, 0.0028, 0.00895],
  "102": [0.00195, 0.00285, 0.00564],
  "103": [0.00627, 0.00295, 0.00171],
  "104": [0.00669, 0.0031, 0.0033],
  "105": [0.00622, 0.0028, 0.00505],
  "106": [0.00694, 0.0029, 0.00912],
  "107": [0.00763, 0.0027, 0.037],
  "108": [0.00201, 0.0029, 0.00126],
  "109": [0.00242, 0.0031, 0.00038],
  "110": [0.00182, 0.00315, 0.0006],
  "111": [0.00175, 0.00315, 0.00138],
  "112": [0.00141, 0.00265, 0.00542],
  "113": [0.00065, 0.0026, 0.00174],
  "114": [0.00069, 0.0027, 0.00125],
  "115": [0.00103, 0.0028, 0.00063],
  "116": [0.00213, 0.00255, 0.00092],
  "117": [0.00944, 0.0028, 0.05312],
  "118": [0.00766, 0.00285, 0.04235],
  "119": [0.00928, 0.0029, 0.00976],
  "120": [0.00369, 0.003, 0.00561]
}
