{
  "whitepoint-test-xyz": [95.1, 100.0, 109.12],
  "whitepoint-reference-xyz": [103.12, 100.0, 153.98],
  "test-xyz": [
    [
      96.8741, 31.7819, 19.907, 17.925, 20.9513, 44.3757, 31.7647, 19.6139,
      18.7723, 5.63342, 33.5177, 21.3841, 4.52849, 35.6531, 4.25483, 58.3368
    ],
    [
      100.0, 33.9711, 17.4166, 23.3249, 18.3647, 45.4784, 33.0517, 19.5189,
      10.8833, 5.34488, 35.2306, 25.3275, 5.28075, 36.055, 3.94225, 58.7112
    ],
    [
      109.176, 65.1278, 11.9367, 28.6159, 12.1221, 47.8119, 11.7317, 38.9473,
      5.94257, 6.23225, 21.7333, 17.2346, 5.83494, 37.0603, 5.22923, 77.6759
    ]
  ],
  "reference-xyz": [
    [
      103.4573, 32.8742, 23.0838, 22.1906, 23.4543, 45.9659, 31.3702, 22.9279,
      23.6176, 8.23322, 34.1892, 22.3374, 5.80122, 37.7419, 6.12769, 58.214
    ],
    [
      100.0, 31.9828, 19.3111, 24.0211, 19.4835, 44.1722, 30.721, 21.0223,
      14.3261, 7.54177, 34.1617, 25.3233, 6.49084, 35.9188, 5.54995, 54.5073
    ],
    [
      154.632, 82.2754, 16.5013, 52.6897, 16.1363, 62.3975, 14.8745, 50.5053,
      8.77611, 9.47857, 27.8011, 20.6904, 8.04615, 47.1471, 7.47574, 101.3205
    ]
  ]
}
