{
  "whitepoint-test-xyz": [95.1, 100.0, 109.12],
  "whitepoint-reference-xyz": [103.12, 100.0, 153.98],
  "test-xyz": [
    [
      98.105, 24.5752, 55.8646, 21.9815, 67.5978, 50.2762, 4.65854, 5.11042,
      16.0496, 3.37082, 36.9549, 30.3426, 23.742, 14.5046, 11.6731, 58.9063,
      48.3211
    ],
    [
      100.0, 16.3891, 57.5703, 17.2106, 68.4755, 46.1427, 5.15875, 5.35595,
      16.5015, 3.50534, 35.5444, 30.0814, 29.0627, 19.0273, 11.2905, 62.494,
      41.8394
    ],
    [
      107.814, 9.05458, 20.2915, 10.7224, 59.6442, 16.4832, 5.36901, 15.0466,
      21.8143, 3.15141, 25.8329, 24.7293, 13.8607, 11.2056, 8.35847, 26.5434,
      16.0169
    ]
  ],
  "reference-xyz": [
    [
      102.7786, 25.7155, 53.1366, 23.9905, 68.2209, 50.6199, 5.66971, 5.46598,
      21.309, 3.40338, 36.4495, 29.1208, 22.8826, 14.4285, 12.2766, 56.6001,
      48.1208
    ],
    [
      100.0, 16.6851, 53.2705, 18.7128, 65.939, 44.4787, 5.82494, 5.28164,
      20.4183, 3.41502, 33.0811, 27.2387, 27.2639, 18.2083, 11.3006, 58.7442,
      39.2495
    ],
    [
      153.319, 11.0173, 25.9969, 15.7091, 81.8111, 21.6524, 8.51621, 18.0142,
      34.7187, 3.89041, 32.825, 30.3122, 18.5401, 15.6645, 11.3103, 33.6341,
      20.1486
    ]
  ]
}
