{
  "reference_white": [98.07, 100, 118.23],
  "dv": [
    0.112941, 0.202353, 0.338824, 0.705882, 0.141176, 0.268235, 0.517647,
    0.211765, 0.442353, 0.338824, 0.64, 0.164706, 0.381176, 0.607059, 0.235294,
    0.423529, 0.385882, 0.705882, 0.362353, 0.621176, 0.131765, 0.447059,
    0.503529, 0.461176, 0.225882, 0.174118, 0.338824, 0.569412, 0.616471,
    0.202353, 0.155294, 0.569412, 0.710588, 0.414118, 0.461176, 0.550588,
    0.470588, 0.385882, 0.536471, 0.602353, 0.569412, 0.851765, 0.141176,
    0.588235, 0.230588, 0.249412, 0.583529, 0.428235, 0.738824, 0.512941,
    0.955294, 0.409412, 0.757647, 0.188235, 0.583529, 0.72, 0.197647, 0.094118,
    0.691765, 0.56, 0.548486, 0.456341, 0.517771, 0.258885, 0.447565, 0.508995,
    0.127249, 0.118473, 0.188679, 0.601141, 0.219394, 0.320316, 0.293989,
    0.122861, 0.522159, 0.500219, 0.653796, 0.618692, 0.487056, 0.390522, 0.8,
    0.550588, 0.371765, 0.150588, 0.917647, 0.404706, 0.936471, 0.865882,
    0.418824, 0.277647, 0.555294, 0.809412, 0.108235, 0.305882, 0.691765,
    0.447059, 0.541176, 1.00706, 0.207059, 0.701176, 0.244211, 0.155789,
    0.378947, 0.374737, 0.202105, 0.193684, 0.711579, 0.223158, 0.454737,
    0.618947, 0.357895, 0.597895, 0.505263, 0.370526, 0.644211, 0.442105,
    0.433684, 0.543158, 0.122105, 0.741053, 0.828982, 1.19452, 0.685379,
    0.711488, 0.215405, 0.652742, 0.313316, 0.469974, 0.75718, 0.267624, 1.0248,
    0.659269, 1.18146, 0.698433, 0.724543, 1.0248, 0.319843, 0.339426, 0.620104,
    0.182768, 0.357662, 0.392556, 0.380925, 0.331492, 0.229718, 0.13376,
    0.354754, 0.311137, 0.177377, 0.305321, 0.087235, 0.081419, 0.471067,
    0.282059, 0.590288, 0.238441, 0.642629, 0.584472, 0.212271, 0.476883,
    0.365782, 0.271386, 1.05015, 0.619469, 0.772861, 0.324484, 0.147493,
    1.15044, 0.153392, 0.60177, 0.489676, 0.961652, 0.100295, 0.890855,
    0.312684, 0.377581, 0.619469, 0.80236, 0.336283, 0.99705, 1.11111, 0.826389,
    0.805556, 0.270833, 0.361111, 1.16667, 1.00694, 0.305556, 0.743056,
    0.944444, 0.701389, 0.833333, 0.777778, 0.305556, 1.21528, 0.631944,
    0.270833, 0.708333, 1.20139, 0.347222
  ],
  "pairs": [
    [67, 66],
    [67, 80],
    [67, 83],
    [67, 77],
    [67, 65],
    [67, 64],
    [67, 63],
    [67, 71],
    [67, 82],
    [67, 74],
    [67, 81],
    [67, 76],
    [67, 75],
    [67, 79],
    [67, 68],
    [67, 69],
    [67, 70],
    [67, 78],
    [67, 72],
    [67, 73],
    [49, 46],
    [49, 59],
    [49, 48],
    [49, 47],
    [49, 43],
    [49, 52],
    [49, 60],
    [49, 61],
    [49, 62],
    [49, 54],
    [49, 53],
    [49, 58],
    [49, 42],
    [49, 55],
    [49, 56],
    [49, 44],
    [49, 57],
    [49, 51],
    [49, 45],
    [49, 50],
    [97, 104],
    [97, 89],
    [97, 100],
    [97, 88],
    [97, 96],
    [97, 102],
    [97, 90],
    [97, 92],
    [97, 85],
    [97, 91],
    [97, 86],
    [97, 101],
    [97, 84],
    [97, 95],
    [97, 103],
    [97, 93],
    [97, 94],
    [97, 98],
    [97, 87],
    [97, 99],
    [172, 187],
    [172, 171],
    [172, 182],
    [172, 178],
    [172, 176],
    [172, 183],
    [172, 173],
    [172, 170],
    [172, 168],
    [172, 185],
    [172, 179],
    [172, 169],
    [172, 184],
    [172, 175],
    [172, 186],
    [172, 177],
    [172, 181],
    [172, 180],
    [172, 188],
    [172, 174],
    [133, 128],
    [133, 138],
    [133, 139],
    [133, 132],
    [133, 127],
    [133, 131],
    [133, 143],
    [133, 145],
    [133, 137],
    [133, 135],
    [133, 144],
    [133, 141],
    [133, 134],
    [133, 136],
    [133, 140],
    [133, 129],
    [133, 126],
    [133, 146],
    [133, 130],
    [133, 142],
    [160, 156],
    [160, 161],
    [160, 162],
    [160, 164],
    [160, 153],
    [160, 159],
    [160, 149],
    [160, 163],
    [160, 155],
    [160, 167],
    [160, 150],
    [160, 148],
    [160, 151],
    [160, 152],
    [160, 157],
    [160, 165],
    [160, 166],
    [160, 154],
    [160, 158],
    [160, 147],
    [4, 19],
    [4, 18],
    [4, 16],
    [4, 10],
    [4, 5],
    [4, 0],
    [4, 9],
    [4, 12],
    [4, 6],
    [4, 8],
    [4, 20],
    [4, 15],
    [4, 14],
    [4, 1],
    [4, 2],
    [4, 17],
    [4, 13],
    [4, 3],
    [4, 11],
    [4, 7],
    [33, 23],
    [33, 40],
    [33, 30],
    [33, 25],
    [33, 24],
    [33, 28],
    [33, 34],
    [33, 26],
    [33, 27],
    [33, 36],
    [33, 29],
    [33, 32],
    [33, 39],
    [33, 31],
    [33, 41],
    [33, 38],
    [33, 21],
    [33, 22],
    [33, 35],
    [33, 37],
    [110, 107],
    [110, 113],
    [110, 123],
    [110, 106],
    [110, 121],
    [110, 115],
    [110, 116],
    [110, 124],
    [110, 114],
    [110, 109],
    [110, 122],
    [110, 105],
    [110, 111],
    [110, 117],
    [110, 108],
    [110, 120],
    [110, 118],
    [110, 112],
    [110, 119],
    [110, 125],
    [196, 206],
    [196, 197],
    [196, 209],
    [196, 198],
    [196, 194],
    [196, 193],
    [196, 190],
    [196, 192],
    [196, 203],
    [196, 200],
    [196, 202],
    [196, 204],
    [196, 195],
    [196, 208],
    [196, 207],
    [196, 191],
    [196, 199],
    [196, 201],
    [196, 189],
    [196, 205]
  ],