{
  "name": "CIE 1931 2-degree Standard Observer",
  "lambda_nm": [360, 830, 1],
  "xyz": [
    [
      0.0001299, 0.000145847, 0.0001638021, 0.0001840037, 0.0002066902,
      0.0002321, 0.000260728, 0.000293075, 0.000329388, 0.000369914, 0.0004149,
      0.0004641587, 0.000518986, 0.000581854, 0.0006552347, 0.0007416,
      0.0008450296, 0.0009645268, 0.001094949, 0.001231154, 0.001368,
      0.00150205, 0.001642328, 0.001802382, 0.001995757, 0.002236, 0.002535385,
      0.002892603, 0.003300829, 0.003753236, 0.004243, 0.004762389, 0.005330048,
      0.005978712, 0.006741117, 0.00765, 0.008751373, 0.01002888, 0.0114217,
      0.01286901, 0.01431, 0.01570443, 0.01714744, 0.01878122, 0.02074801,
      0.02319, 0.02620736, 0.02978248, 0.03388092, 0.03846824, 0.04351,
      0.0489956, 0.0550226, 0.0617188, 0.069212, 0.07763, 0.08695811,
      0.09717672, 0.1084063, 0.1207672, 0.13438, 0.1493582, 0.1653957,
      0.1819831, 0.198611, 0.21477, 0.2301868, 0.2448797, 0.2587773, 0.2718079,
      0.2839, 0.2949438, 0.3048965, 0.3137873, 0.3216454, 0.3285, 0.3343513,
      0.3392101, 0.3431213, 0.3461296, 0.34828, 0.3495999, 0.3501474, 0.350013,
      0.349287, 0.34806, 0.3463733, 0.3442624, 0.3418088, 0.3390941, 0.3362,
      0.3331977, 0.3300411, 0.3266357, 0.3228868, 0.3187, 0.3140251, 0.308884,
      0.3032904, 0.2972579, 0.2908, 0.2839701, 0.2767214, 0.2689178, 0.2604227,
      0.2511, 0.2408475, 0.2298512, 0.2184072, 0.2068115, 0.19536, 0.1842136,
      0.1733273, 0.1626881, 0.1522833, 0.1421, 0.1321786, 0.1225696, 0.1132752,
      0.1042979, 0.09564, 0.08729955, 0.07930804, 0.07171776, 0.06458099,
      0.05795001, 0.05186211, 0.04628152, 0.04115088, 0.03641283, 0.03201,
      0.0279172, 0.0241444, 0.020687, 0.0175404, 0.0147, 0.01216179, 0.00991996,
      0.00796724, 0.006296346, 0.0049, 0.003777173, 0.00294532, 0.00242488,
      0.002236293, 0.0024, 0.00292552, 0.00383656, 0.00517484, 0.00698208,
      0.0093, 0.01214949, 0.01553588, 0.01947752, 0.02399277, 0.0291,
      0.03481485, 0.04112016, 0.04798504, 0.05537861, 0.06327, 0.07163501,
      0.08046224, 0.08973996, 0.09945645, 0.1096, 0.1201674, 0.1311145,
      0.1423679, 0.1538542, 0.1655, 0.1772571, 0.18914, 0.2011694, 0.2133658,
      0.2257499, 0.2383209, 0.2510668, 0.2639922, 0.2771017, 0.2904, 0.3038912,
      0.3175726, 0.3314384, 0.3454828, 0.3597, 0.3740839, 0.3886396, 0.4033784,
      0.4183115, 0.4334499, 0.4487953, 0.464336, 0.480064, 0.4959713, 0.5120501,
      0.5282959, 0.5446916, 0.5612094, 0.5778215, 0.5945, 0.6112209, 0.6279758,
      0.6447602, 0.6615697, 0.6784, 0.6952392, 0.7120586, 0.7288284, 0.7455188,
      0.7621, 0.7785432, 0.7948256, 0.8109264, 0.8268248, 0.8425, 0.8579325,
      0.8730816, 0.8878944, 0.9023181, 0.9163, 0.9297995, 0.9427984, 0.9552776,
      0.9672179, 0.9786, 0.9893856, 0.9995488, 1.0090892, 1.0180064, 1.0263,
      1.0339827, 1.040986, 1.047188, 1.0524667, 1.0567, 1.0597944, 1.0617992,
      1.0628068, 1.0629096, 1.0622, 1.0607352, 1.0584436, 1.0552244, 1.0509768,
      1.0456, 1.0390369, 1.0313608, 1.0226662, 1.0130477, 1.0026, 0.9913675,
      0.9793314, 0.9664916, 0.9528479, 0.9384, 0.923194, 0.907244, 0.890502,
      0.87292, 0.8544499, 0.835084, 0.814946, 0.794186, 0.772954, 0.7514,
      0.7295836, 0.7075888, 0.6856022, 0.6638104, 0.6424, 0.6215149, 0.6011138,
      0.5811052, 0.5613977, 0.5419, 0.5225995, 0.5035464, 0.4847436, 0.4661939,
      0.4479, 0.4298613, 0.412098, 0.394644, 0.3775333, 0.3608, 0.3444563,
      0.3285168, 0.3130192, 0.2980011, 0.2835, 0.2695448, 0.2561184, 0.2431896,
      0.2307272, 0.2187, 0.2070971, 0.1959232, 0.1851708, 0.1748323, 0.1649,
      0.1553667, 0.14623, 0.13749, 0.1291467, 0.1212, 0.1136397, 0.106465,
      0.09969044, 0.09333061, 0.0874, 0.08190096, 0.07680428, 0.07207712,
      0.06768664, 0.0636, 0.05980685, 0.05628216, 0.05297104, 0.04981861,
      0.04677, 0.04378405, 0.04087536, 0.03807264, 0.03540461, 0.0329,
      0.03056419, 0.02838056, 0.02634484, 0.02445275, 0.0227, 0.02108429,
      0.01959988, 0.01823732, 0.01698717, 0.01584, 0.01479064, 0.01383132,
      0.01294868, 0.0121292, 0.01135916, 0.01062935, 0.009938846, 0.009288422,
      0.008678854, 0.008110916, 0.007582388, 0.007088746, 0.006627313,
      0.006195408, 0.005790346, 0.005409826, 0.005052583, 0.004717512,
      0.004403507, 0.004109457, 0.003833913, 0.003575748, 0.003334342,
      0.003109075, 0.002899327, 0.002704348, 0.00252302, 0.002354168,
      0.002196616, 0.00204919, 0.00191096, 0.001781438, 0.00166011, 0.001546459,
      0.001439971, 0.001340042, 0.001246275, 0.001158471, 0.00107643,
      0.0009999493, 0.0009287358, 0.0008624332, 0.0008007503, 0.000743396,
      0.0006900786, 0.0006405156, 0.0005945021, 0.0005518646, 0.000512429,
      0.0004760213, 0.0004424536, 0.0004115117, 0.0003829814, 0.0003566491,
      0.0003323011, 0.0003097586, 0.0002888871, 0.0002695394, 0.0002515682,
      0.0002348261, 0.000219171, 0.0002045258, 0.0001908405, 0.0001780654,
      0.0001661505, 0.0001550236, 0.0001446219, 0.0001349098, 0.000125852,
      0.000117413, 0.0001095515, 0.0001022245, 9.539445e-5, 8.90239e-5,
      8.307527e-5, 7.751269e-5, 7.231304e-5, 6.745778e-5, 6.292844e-5,
      5.870652e-5, 5.477028e-5, 5.109918e-5, 4.767654e-5, 4.448567e-5,
      4.150994e-5, 3.873324e-5, 3.614203e-5, 3.372352e-5, 3.146487e-5,
      2.935326e-5, 2.737573e-5, 2.552433e-5, 2.379376e-5, 2.21787e-5,
      2.067383e-5, 1.927226e-5, 1.79664e-5, 1.674991e-5, 1.561648e-5,
      1.455977e-5, 1.357387e-5, 1.265436e-5, 1.179723e-5, 1.099844e-5,
      1.025398e-5, 9.559646e-6, 8.912044e-6, 8.308358e-6, 7.745769e-6,
      7.221456e-6, 6.732475e-6, 6.276423e-6, 5.851304e-6, 5.455118e-6,
      5.085868e-6, 4.741466e-6, 4.420236e-6, 4.120783e-6, 3.841716e-6,
      3.581652e-6, 3.339127e-6, 3.112949e-6, 2.902121e-6, 2.705645e-6,
      2.522525e-6, 2.351726e-6, 2.192415e-6, 2.043902e-6, 1.905497e-6,
      1.776509e-6, 1.656215e-6, 1.544022e-6, 1.43944e-6, 1.341977e-6,
      1.251141e-6
    ],
    [
      3.917e-6, 4.393581e-6, 4.929604e-6, 5.532136e-6, 6.208245e-6, 6.965e-6,
      7.813219e-6, 8.767336e-6, 9.839844e-6, 1.104323e-5, 1.239e-5, 1.388641e-5,
      1.555728e-5, 1.744296e-5, 1.958375e-5, 2.202e-5, 2.483965e-5, 2.804126e-5,
      3.153104e-5, 3.521521e-5, 3.9e-5, 4.28264e-5, 4.69146e-5, 5.15896e-5,
      5.71764e-5, 6.4e-5, 7.234421e-5, 8.221224e-5, 9.350816e-5, 0.0001061361,
      0.00012, 0.000134984, 0.000151492, 0.000170208, 0.000191816, 0.000217,
      0.0002469067, 0.00028124, 0.00031852, 0.0003572667, 0.000396,
      0.0004337147, 0.000473024, 0.000517876, 0.0005722187, 0.00064, 0.00072456,
      0.0008255, 0.00094116, 0.00106988, 0.00121, 0.001362091, 0.001530752,
      0.001720368, 0.001935323, 0.00218, 0.0024548, 0.002764, 0.0031178,
      0.0035264, 0.004, 0.00454624, 0.00515932, 0.00582928, 0.00654616, 0.0073,
      0.008086507, 0.00890872, 0.00976768, 0.01066443, 0.0116, 0.01257317,
      0.01358272, 0.01462968, 0.01571509, 0.01684, 0.01800736, 0.01921448,
      0.02045392, 0.02171824, 0.023, 0.02429461, 0.02561024, 0.02695857,
      0.02835125, 0.0298, 0.03131083, 0.03288368, 0.03452112, 0.03622571, 0.038,
      0.03984667, 0.041768, 0.043766, 0.04584267, 0.048, 0.05024368, 0.05257304,
      0.05498056, 0.05745872, 0.06, 0.06260197, 0.06527752, 0.06804208,
      0.07091109, 0.0739, 0.077016, 0.0802664, 0.0836668, 0.0872328, 0.09098,
      0.09491755, 0.09904584, 0.1033674, 0.1078846, 0.1126, 0.117532, 0.1226744,
      0.1279928, 0.1334528, 0.13902, 0.1446764, 0.1504693, 0.1564619, 0.1627177,
      0.1693, 0.1762431, 0.1835581, 0.1912735, 0.199418, 0.20802, 0.2171199,
      0.2267345, 0.2368571, 0.2474812, 0.2586, 0.2701849, 0.2822939, 0.2950505,
      0.308578, 0.323, 0.3384021, 0.3546858, 0.3716986, 0.3892875, 0.4073,
      0.4256299, 0.4443096, 0.4633944, 0.4829395, 0.503, 0.5235693, 0.544512,
      0.56569, 0.5869653, 0.6082, 0.6293456, 0.6503068, 0.6708752, 0.6908424,
