{
  "name": "CIE (2012) 2-deg XYZ physiologically-relevant colour matching functions",
  "lambda_nm": [390, 830, 1],
  "xyz": [
    [
      0.003769647, 0.004532416, 0.005446553, 0.006538868, 0.007839699,
      0.009382967, 0.01120608, 0.01334965, 0.0158569, 0.01877286, 0.02214302,
      0.02601285, 0.03043036, 0.03544325, 0.0410964, 0.04742986, 0.05447394,
      0.06223612, 0.07070048, 0.07982513, 0.08953803, 0.09974848, 0.1104019,
      0.1214566, 0.1328741, 0.1446214, 0.1566468, 0.1687901, 0.1808328,
      0.1925216, 0.2035729, 0.2137531, 0.2231348, 0.2319245, 0.2403892,
      0.2488523, 0.2575896, 0.2664991, 0.2753532, 0.2838921, 0.2918246, 0.29892,
      0.3052993, 0.3112031, 0.3169047, 0.3227087, 0.3288194, 0.3349242,
      0.3405452, 0.3451688, 0.3482554, 0.3494153, 0.3489075, 0.3471746,
      0.3446705, 0.3418483, 0.339024, 0.3359926, 0.3324276, 0.3280157,
      0.3224637, 0.3156225, 0.3078201, 0.2994771, 0.2909776, 0.2826646,
      0.2747962, 0.2674312, 0.2605847, 0.2542749, 0.2485254, 0.2433039,
      0.2383414, 0.2333253, 0.2279619, 0.2219781, 0.2151735, 0.2075619,
      0.1992183, 0.190229, 0.1806905, 0.1707154, 0.1604471, 0.1500244,
      0.1395705, 0.129192, 0.1189859, 0.1090615, 0.09951424, 0.0904185,
      0.08182895, 0.07376817, 0.06619477, 0.0590638, 0.05234242, 0.04600865,
      0.04006154, 0.03454373, 0.02949091, 0.0249214, 0.02083981, 0.01723591,
      0.01407924, 0.01134516, 0.009019658, 0.007097731, 0.005571145,
      0.004394566, 0.003516303, 0.002887638, 0.002461588, 0.002206348,
      0.002149559, 0.002337091, 0.002818931, 0.003649178, 0.004891359,
      0.006629364, 0.008942902, 0.01190224, 0.01556989, 0.01997668, 0.02504698,
      0.0306753, 0.03674999, 0.04315171, 0.04978584, 0.05668554, 0.06391651,
      0.07154352, 0.07962917, 0.08821473, 0.09726978, 0.1067504, 0.1166192,
      0.1268468, 0.137406, 0.1482471, 0.1593076, 0.1705181, 0.1818026, 0.193109,
      0.2045085, 0.2161166, 0.228065, 0.2405015, 0.2535441, 0.26713, 0.2811351,
      0.2954164, 0.3098117, 0.3241678, 0.3384319, 0.3525786, 0.3665839,
      0.3804244, 0.3940988, 0.4076972, 0.4213484, 0.4352003, 0.4494206,
      0.4641616, 0.4794395, 0.495218, 0.5114395, 0.5280233, 0.5448696,
      0.5618898, 0.5790137, 0.5961882, 0.6133784, 0.6305897, 0.6479223,
      0.6654866, 0.6833782, 0.7016774, 0.720411, 0.7394495, 0.7586285,
      0.7777885, 0.796775, 0.815453, 0.8337389, 0.8515493, 0.8687862, 0.8853376,
      0.9011588, 0.9165278, 0.9318245, 0.9474524, 0.9638388, 0.9812596,
      0.9992953, 1.017343, 1.03479, 1.051011, 1.065522, 1.078421, 1.089944,
      1.10032, 1.109767, 1.118438, 1.126266, 1.133138, 1.138952, 1.14362,
      1.147095, 1.149464, 1.150838, 1.151326, 1.151033, 1.150002, 1.148061,
      1.144998, 1.140622, 1.134757, 1.127298, 1.118342, 1.108033, 1.096515,
      1.083928, 1.070387, 1.055934, 1.040592, 1.024385, 1.007344, 0.9895268,
      0.9711213, 0.9523257, 0.9333248, 0.9142877, 0.8952798, 0.8760157,
      0.8561607, 0.8354235, 0.8135565, 0.7904565, 0.7664364, 0.7418777,
      0.7171219, 0.6924717, 0.66816, 0.6442697, 0.620845, 0.5979243, 0.575541,
      0.5537296, 0.5325412, 0.5120218, 0.492207, 0.4731224, 0.4547417,
      0.4368719, 0.4193121, 0.401898, 0.3844986, 0.3670592, 0.3497167,
      0.3326305, 0.3159341, 0.2997374, 0.2841189, 0.2691053, 0.2547077,
      0.2409319, 0.2277792, 0.2152431, 0.203301, 0.1919276, 0.1810987,
      0.1707914, 0.1609842, 0.1516577, 0.1427936, 0.1343737, 0.1263808,
      0.1187979, 0.1116088, 0.1047975, 0.09834835, 0.09224597, 0.08647506,
      0.08101986, 0.07586514, 0.07099633, 0.0663996, 0.06206225, 0.05797409,
      0.05412533, 0.050506, 0.04710606, 0.04391411, 0.04091411, 0.03809067,
      0.03543034, 0.03292138, 0.03055672, 0.02834146, 0.02628033, 0.02437465,
      0.02262306, 0.02101935, 0.01954647, 0.01818727, 0.01692727, 0.01575417,
      0.01465854, 0.01363571, 0.01268205, 0.01179394, 0.01096778, 0.01019964,
      0.009484317, 0.008816851, 0.008192921, 0.00760875, 0.007061391,
      0.006549509, 0.00607197, 0.005627476, 0.005214608, 0.004831848,
      0.004477579, 0.004150166, 0.003847988, 0.003569452, 0.003312857,
      0.003076022, 0.002856894, 0.002653681, 0.002464821, 0.00228906,
      0.002125694, 0.001974121, 0.001833723, 0.001703876, 0.001583904,
      0.001472939, 0.001370151, 0.001274803, 0.001186238, 0.001103871,
      0.001027194, 0.0009557493, 0.0008891262, 0.0008269535, 0.0007689351,
      0.0007149425, 0.000664859, 0.0006185421, 0.0005758303, 0.0005365046,
      0.0005001842, 0.0004665005, 0.0004351386, 0.0004058303, 0.0003783733,
      0.0003526892, 0.0003287199, 0.0003063998, 0.0002856577, 0.0002664108,
      0.0002485462, 0.0002319529, 0.00021653, 0.0002021853, 0.0001888338,
      0.0001763935, 0.0001647895, 0.0001539542, 0.000143827, 0.0001343572,
      0.0001255141, 0.0001172706, 0.0001095983, 0.0001024685, 9.584715e-5,
      8.968316e-5, 8.392734e-5, 7.853708e-5, 7.347551e-5, 6.871576e-5,
      6.425257e-5, 6.008292e-5, 5.620098e-5, 5.25987e-5, 4.926279e-5,
      4.616623e-5, 4.328212e-5, 4.058715e-5, 3.806114e-5, 3.568818e-5,
      3.346023e-5, 3.13709e-5, 2.941371e-5, 2.758222e-5, 2.586951e-5,
      2.426701e-5, 2.276639e-5, 2.136009e-5, 2.004122e-5, 1.88038e-5,
      1.764358e-5, 1.655671e-5, 1.553939e-5, 1.458792e-5, 1.369853e-5,
      1.286705e-5, 1.208947e-5, 1.136207e-5, 1.068141e-5, 1.004411e-5,
      9.446399e-6, 8.884754e-6, 8.35605e-6, 7.857521e-6, 7.386996e-6,
      6.943576e-6, 6.526548e-6, 6.135087e-6, 5.768284e-6, 5.425069e-6,
      5.103974e-6, 4.803525e-6, 4.52235e-6, 4.259166e-6, 4.012715e-6,
      3.781597e-6, 3.564496e-6, 3.360236e-6, 3.167765e-6, 2.986206e-6,
      2.814999e-6, 2.653663e-6, 2.501725e-6, 2.358723e-6, 2.224206e-6,
      2.097737e-6, 1.978894e-6, 1.867268e-6, 1.762465e-6
    ],
    [
      0.0004146161, 0.0005028333, 0.0006084991, 0.0007344436, 0.0008837389,
      0.001059646, 0.001265532, 0.001504753, 0.001780493, 0.002095572,
      0.002452194, 0.002852216, 0.003299115, 0.003797466, 0.004352768,
      0.004971717, 0.005661014, 0.006421615, 0.007250312, 0.008140173,
      0.00907986, 0.01005608, 0.01106456, 0.01210522, 0.01318014, 0.01429377,
      0.01545004, 0.01664093, 0.01785302, 0.01907018, 0.02027369, 0.02144805,
      0.02260041, 0.02374789, 0.02491247, 0.02612106, 0.02739923, 0.02874993,
      0.03016909, 0.03165145, 0.03319038, 0.03477912, 0.03641495, 0.03809569,
      0.03981843, 0.0415794, 0.04337098, 0.0451718, 0.0469542, 0.04868718,
      0.05033657, 0.05187611, 0.05332218, 0.05470603, 0.05606335, 0.05743393,
      0.05885107, 0.06030809, 0.06178644, 0.0632657, 0.06472352, 0.06614749,
      0.06757256, 0.06904928, 0.0706328, 0.07238339, 0.0743596, 0.07659383,
      0.07911436, 0.08195345, 0.08514816, 0.08872657, 0.09266008, 0.09689723,
      0.1013746, 0.1060145, 0.1107377, 0.1155111, 0.1203122, 0.1251161,
      0.1298957, 0.1346299, 0.1393309, 0.1440235, 0.1487372, 0.1535066,
      0.1583644, 0.1633199, 0.1683761, 0.1735365, 0.1788048, 0.1841819,
      0.1896559, 0.1952101, 0.2008259, 0.2064828, 0.2121826, 0.2180279,
      0.2241586, 0.2307302, 0.237916, 0.2458706, 0.2546023, 0.264076, 0.274249,
      0.285068, 0.2964837, 0.308501, 0.3211393, 0.3344175, 0.3483536, 0.3629601,
      0.3782275, 0.3941359, 0.4106582, 0.4277595, 0.4453993, 0.4635396,
      0.4821376, 0.501143, 0.5204972, 0.5401387, 0.5600208, 0.5800972,
      0.6003172, 0.6206256, 0.6409398, 0.6610772, 0.6808134, 0.6999044,
      0.718089, 0.7351593, 0.7511821, 0.7663143, 0.7807352, 0.7946448,
      0.8082074, 0.8213817, 0.8340701, 0.8461711, 0.8575799, 0.8682408,
      0.8783061, 0.8879907, 0.8975211, 0.9071347, 0.9169947, 0.9269295,
      0.9366731, 0.9459482, 0.9544675, 0.9619834, 0.968439, 0.9738289,
      0.9781519, 0.9814106, 0.9836669, 0.9852081, 0.9863813, 0.9875357,
      0.9890228, 0.9910811, 0.9934913, 0.9959172, 0.9980205, 0.9994608,
      0.999993, 0.9997557, 0.9989839, 0.9979123, 0.9967737, 0.9957356,
