{
  "name": "CIE 1964 10-degree Standard Observer",
  "lambda_nm": [360, 830, 1],
  "xyz": [
    [
      1.222e-7, 1.85138e-7, 2.7883e-7, 4.1747e-7, 6.2133e-7, 9.1927e-7,
      1.35198e-6, 1.97654e-6, 2.8725e-6, 4.1495e-6, 5.9586e-6, 8.5056e-6,
      1.20686e-5, 1.70226e-5, 2.3868e-5, 3.3266e-5, 4.6087e-5, 6.3472e-5,
      8.6892e-5, 0.000118246, 0.000159952, 0.00021508, 0.00028749, 0.00038199,
      0.00050455, 0.00066244, 0.0008645, 0.0011215, 0.00144616, 0.00185359,
      0.0023616, 0.0029906, 0.0037645, 0.0047102, 0.0058581, 0.0072423,
      0.0088996, 0.0108709, 0.0131989, 0.0159292, 0.0191097, 0.022788, 0.027011,
      0.031829, 0.037278, 0.0434, 0.050223, 0.057764, 0.066038, 0.075033,
      0.084736, 0.095041, 0.105836, 0.117066, 0.128682, 0.140638, 0.152893,
      0.165416, 0.178191, 0.191214, 0.204492, 0.21765, 0.230267, 0.242311,
      0.253793, 0.264737, 0.275195, 0.285301, 0.295143, 0.304869, 0.314679,
      0.324355, 0.33357, 0.342243, 0.350312, 0.357719, 0.364482, 0.370493,
      0.375727, 0.380158, 0.383734, 0.386327, 0.387858, 0.388396, 0.387978,
      0.386726, 0.384696, 0.382006, 0.378709, 0.374915, 0.370702, 0.366089,
      0.361045, 0.355518, 0.349486, 0.342957, 0.335893, 0.328284, 0.32015,
      0.311475, 0.302273, 0.292858, 0.283502, 0.274044, 0.264263, 0.254085,
      0.243392, 0.232187, 0.220488, 0.208198, 0.195618, 0.183034, 0.170222,
      0.157348, 0.14465, 0.132349, 0.120584, 0.109456, 0.099042, 0.089388,
      0.080507, 0.072034, 0.06371, 0.055694, 0.048117, 0.041072, 0.034642,
      0.028896, 0.023876, 0.019628, 0.016172, 0.0133, 0.010759, 0.008542,
      0.006661, 0.005132, 0.003982, 0.003239, 0.002934, 0.003114, 0.003816,
      0.005095, 0.006936, 0.009299, 0.012147, 0.015444, 0.019156, 0.02325,
      0.02769, 0.032444, 0.037465, 0.042956, 0.049114, 0.05592, 0.063349,
      0.071358, 0.079901, 0.088909, 0.098293, 0.107949, 0.117749, 0.127839,
      0.13845, 0.149516, 0.161041, 0.172953, 0.185209, 0.197755, 0.210538,
      0.22346, 0.236491, 0.249633, 0.262972, 0.276515, 0.290269, 0.304213,
      0.318361, 0.332705, 0.347232, 0.361926, 0.376772, 0.391683, 0.406594,
      0.421539, 0.436517, 0.451584, 0.466782, 0.482147, 0.497738, 0.513606,
      0.529826, 0.54644, 0.563426, 0.580726, 0.59829, 0.616053, 0.633948,
      0.651901, 0.669824, 0.687632, 0.705224, 0.722773, 0.740483, 0.758273,
      0.776083, 0.793832, 0.811436, 0.828822, 0.845879, 0.862525, 0.878655,
      0.894208, 0.909206, 0.923672, 0.937638, 0.951162, 0.964283, 0.977068,
      0.98959, 1.00191, 1.01416, 1.0265, 1.0388, 1.051, 1.0629, 1.0743, 1.0852,
      1.0952, 1.1042, 1.112, 1.11852, 1.1238, 1.128, 1.1311, 1.1332, 1.1343,
      1.1343, 1.1333, 1.1312, 1.1281, 1.12399, 1.1189, 1.1129, 1.1059, 1.098,
      1.0891, 1.0792, 1.0684, 1.0567, 1.044, 1.03048, 1.016, 1.0008, 0.98479,
      0.96808, 0.95074, 0.9328, 0.91434, 0.89539, 0.87603, 0.856297, 0.83635,
      0.81629, 0.79605, 0.77561, 0.75493, 0.73399, 0.71278, 0.69129, 0.66952,
      0.647467, 0.62511, 0.60252, 0.57989, 0.55737, 0.53511, 0.51324, 0.49186,
      0.47108, 0.45096, 0.431567, 0.41287, 0.39475, 0.37721, 0.36019, 0.34369,
      0.32769, 0.31217, 0.29711, 0.2825, 0.268329, 0.25459, 0.2413, 0.22848,
      0.21614, 0.2043, 0.19295, 0.18211, 0.17177, 0.16192, 0.152568, 0.14367,
      0.1352, 0.12713, 0.11948, 0.11221, 0.10531, 0.098786, 0.09261, 0.086773,
      0.0812606, 0.076048, 0.071114, 0.066454, 0.062062, 0.05793, 0.05405,
      0.050412, 0.047006, 0.043823, 0.0408508, 0.038072, 0.035468, 0.033031,
      0.030753, 0.028623, 0.026635, 0.024781, 0.023052, 0.021441, 0.0199413,
      0.018544, 0.017241, 0.016027, 0.014896, 0.013842, 0.012862, 0.011949,
      0.0111, 0.010311, 0.00957688, 0.008894, 0.0082581, 0.0076664, 0.0071163,
      0.0066052, 0.0061306, 0.0056903, 0.0052819, 0.0049033, 0.00455263,
      0.0042275, 0.0039258, 0.0036457, 0.0033859, 0.0031447, 0.0029208,
      0.002713, 0.0025202, 0.0023411, 0.00217496, 0.0020206, 0.0018773,
      0.0017441, 0.0016205, 0.0015057, 0.0013992, 0.0013004, 0.0012087,
      0.0011236, 0.00104476, 0.00097156, 0.0009036, 0.00084048, 0.00078187,
      0.00072745, 0.0006769, 0.00062996, 0.00058637, 0.00054587, 0.000508258,
      0.0004733, 0.0004408, 0.00041058, 0.00038249, 0.00035638, 0.00033211,
      0.00030955, 0.00028858, 0.00026909, 0.000250969, 0.00023413, 0.00021847,
      0.00020391, 0.00019035, 0.00017773, 0.00016597, 0.00015502, 0.0001448,
      0.00013528, 0.00012639, 0.0001181, 0.00011037, 0.00010315, 9.6427e-5,
      9.0151e-5, 8.4294e-5, 7.883e-5, 7.3729e-5, 6.8969e-5, 6.45258e-5,
      6.0376e-5, 5.65e-5, 5.288e-5, 4.9498e-5, 4.6339e-5, 4.3389e-5, 4.0634e-5,
      3.806e-5, 3.5657e-5, 3.34117e-5, 3.1315e-5, 2.9355e-5, 2.7524e-5,
      2.5811e-5, 2.4209e-5, 2.2711e-5, 2.1308e-5, 1.9994e-5, 1.8764e-5,
      1.76115e-5, 1.6532e-5, 1.5521e-5, 1.4574e-5, 1.3686e-5, 1.2855e-5,
      1.2075e-5, 1.1345e-5, 1.0659e-5, 1.0017e-5, 9.41363e-6, 8.8479e-6,
      8.3171e-6, 7.819e-6, 7.3516e-6, 6.913e-6, 6.5015e-6, 6.1153e-6, 5.7529e-6,
      5.4127e-6, 5.09347e-6, 4.7938e-6, 4.5125e-6, 4.2483e-6, 4.0002e-6,
      3.7671e-6, 3.548e-6, 3.3421e-6, 3.1485e-6, 2.9665e-6, 2.79531e-6,
      2.6345e-6, 2.4834e-6, 2.3414e-6, 2.2078e-6, 2.082e-6, 1.9636e-6,
      1.8519e-6, 1.7465e-6, 1.6471e-6, 1.55314e-6
    ],
    [
      1.3398e-8, 2.0294e-8, 3.056e-8, 4.574e-8, 6.805e-8, 1.0065e-7, 1.4798e-7,
      2.1627e-7, 3.142e-7, 4.537e-7, 6.511e-7, 9.288e-7, 1.3175e-6, 1.8572e-6,
      2.602e-6, 3.625e-6, 5.019e-6, 6.907e-6, 9.449e-6, 1.2848e-5, 1.7364e-5,
      2.3327e-5, 3.115e-5, 4.135e-5, 5.456e-5, 7.156e-5, 9.33e-5, 0.00012087,
      0.00015564, 0.0001992, 0.0002534, 0.0003202, 0.0004024, 0.0005023,
      0.0006232, 0.0007685, 0.0009417, 0.0011478, 0.0013903, 0.001674,
      0.0020044, 0.002386, 0.002822, 0.003319, 0.00388, 0.004509, 0.005209,
      0.005985, 0.006833, 0.007757, 0.008756, 0.009816, 0.010918, 0.012058,
      0.013237, 0.014456, 0.015717, 0.017025, 0.018399, 0.019848, 0.021391,
      0.022992, 0.024598, 0.026213, 0.027841, 0.029497, 0.031195, 0.032927,
      0.034738, 0.036654, 0.038676, 0.040792, 0.042946, 0.045114, 0.047333,
      0.049602, 0.051934, 0.054337, 0.056822, 0.059399, 0.062077, 0.064737,
      0.067285, 0.069764, 0.072218, 0.074704, 0.077272, 0.079979, 0.082874,
      0.086, 0.089456, 0.092947, 0.096275, 0.099535, 0.102829, 0.106256,
      0.109901, 0.113835, 0.118167, 0.122932, 0.128201, 0.133457, 0.138323,
      0.143042, 0.147787, 0.152761, 0.158102, 0.163941, 0.170362, 0.177425,
      0.18519, 0.193025, 0.200313, 0.207156, 0.213644, 0.21994, 0.22617,
      0.232467, 0.239025, 0.245997, 0.253589, 0.261876, 0.270643, 0.279645,
      0.288694, 0.297665, 0.306469, 0.315035, 0.323335, 0.331366, 0.339133,
      0.34786, 0.358326, 0.370001, 0.382464, 0.395379, 0.408482, 0.421588,
      0.434619, 0.447601, 0.460777, 0.47434, 0.4882, 0.50234, 0.51674, 0.53136,
      0.54619, 0.56118, 0.57629, 0.5915, 0.606741, 0.62215, 0.63783, 0.65371,
      0.66968, 0.68566, 0.70155, 0.71723, 0.73257, 0.74746, 0.761757, 0.77534,
      0.78822, 0.80046, 0.81214, 0.82333, 0.83412, 0.8446, 0.85487, 0.86504,
      0.875211, 0.88537, 0.89537, 0.90515, 0.91465, 0.92381, 0.93255, 0.94081,
      0.94852, 0.9556, 0.961988, 0.96754, 0.97223, 0.97617, 0.97946, 0.9822,
      0.98452, 0.98652, 0.98832, 0.99002, 0.991761, 0.99353, 0.99523, 0.99677,
      0.99809, 0.99911, 0.99977, 1, 0.99971, 0.99885, 0.99734, 0.99526, 0.99274,
      0.98975, 0.9863, 0.98238, 0.97798, 0.97311, 0.96774, 0.96189, 0.955552,
      0.948601, 0.940981, 0.932798, 0.924158, 0.915175, 0.905954, 0.896608,
      0.887249, 0.877986, 0.868934, 0.860164, 0.851519, 0.842963, 0.834393,
      0.825623, 0.816764, 0.807544, 0.797947, 0.787893, 0.777405, 0.76649,
      0.755309, 0.743845, 0.73219, 0.720353, 0.708281, 0.696055, 0.683621,
      0.671048, 0.658341, 0.645545, 0.632718, 0.619815, 0.606887, 0.593878,
      0.580781, 0.567653, 0.55449, 0.541228, 0.527963, 0.514634, 0.501363,
