{
  "name": "CIE (2012) 10-deg XYZ physiologically-relevant colour matching functions",
  "lambda_nm": [390, 830, 1],
  "xyz": [
    [
      0.00295242, 0.003577275, 0.004332146, 0.005241609, 0.006333902,
      0.007641137, 0.009199401, 0.01104869, 0.01323262, 0.01579791, 0.01879338,
      0.02226949, 0.02627978, 0.03087862, 0.0361189, 0.04204986, 0.04871256,
      0.05612868, 0.06429866, 0.07319818, 0.08277331, 0.09295327, 0.1037137,
      0.115052, 0.1269771, 0.1395127, 0.1526661, 0.1663054, 0.1802197,
      0.1941448, 0.2077647, 0.2207911, 0.2332355, 0.2452462, 0.2570397,
      0.2688989, 0.2810677, 0.2933967, 0.3055933, 0.3173165, 0.3281798,
      0.3378678, 0.3465097, 0.3543953, 0.3618655, 0.3693084, 0.3770107,
      0.384685, 0.3918591, 0.3980192, 0.4026189, 0.4052637, 0.4062482, 0.406066,
      0.4052283, 0.4042529, 0.4034808, 0.4025362, 0.4008675, 0.3979327,
      0.3932139, 0.3864108, 0.3779513, 0.3684176, 0.3583473, 0.3482214,
      0.338383, 0.3288309, 0.3194977, 0.3103345, 0.3013112, 0.2923754,
      0.2833273, 0.2739463, 0.2640352, 0.2534221, 0.2420135, 0.2299346,
      0.2173617, 0.2044672, 0.1914176, 0.1783672, 0.1654407, 0.1527391,
      0.1403439, 0.1283167, 0.1167124, 0.1056121, 0.09508569, 0.08518206,
      0.0759312, 0.06733159, 0.05932018, 0.05184106, 0.04486119, 0.0383677,
      0.03237296, 0.02692095, 0.0220407, 0.01773951, 0.01400745, 0.01082291,
      0.008168996, 0.006044623, 0.004462638, 0.00344681, 0.003009513,
      0.003090744, 0.003611221, 0.004491435, 0.005652072, 0.007035322,
      0.008669631, 0.01060755, 0.01290468, 0.01561956, 0.0188164, 0.02256923,
      0.02694456, 0.0319991, 0.03778185, 0.04430635, 0.05146516, 0.05912224,
      0.0671422, 0.07538941, 0.08376697, 0.09233581, 0.101194, 0.1104362,
      0.1201511, 0.130396, 0.141131, 0.1522944, 0.1638288, 0.1756832, 0.1878114,
      0.2001621, 0.2126822, 0.2253199, 0.2380254, 0.2507787, 0.2636778,
      0.2768607, 0.2904792, 0.3046991, 0.3196485, 0.3352447, 0.351329,
      0.3677148, 0.3841856, 0.4005312, 0.4166669, 0.432542, 0.4481063,
      0.4633109, 0.478144, 0.4927483, 0.5073315, 0.5221315, 0.537417, 0.5534217,
      0.5701242, 0.5874093, 0.6051269, 0.6230892, 0.6410999, 0.6590659,
      0.6769436, 0.6947143, 0.7123849, 0.7299978, 0.7476478, 0.765425,
      0.7834009, 0.8016277, 0.8201041, 0.8386843, 0.8571936, 0.8754652,
      0.8933408, 0.9106772, 0.9273554, 0.9432502, 0.9582244, 0.9721304,
      0.9849237, 0.9970067, 1.008907, 1.021163, 1.034327, 1.048753, 1.063937,
      1.079166, 1.093723, 1.106886, 1.118106, 1.127493, 1.135317, 1.141838,
      1.147304, 1.151897, 1.155582, 1.158284, 1.159934, 1.160477, 1.15989,
      1.158259, 1.155692, 1.152293, 1.148163, 1.143345, 1.137685, 1.130993,
      1.123097, 1.113846, 1.103152, 1.091121, 1.077902, 1.063644, 1.048485,
      1.032546, 1.01587, 0.9984859, 0.9804227, 0.9617111, 0.9424119, 0.9227049,
      0.9027804, 0.8828123, 0.8629581, 0.8432731, 0.8234742, 0.8032342,
      0.7822715, 0.7603498, 0.7373739, 0.713647, 0.6895336, 0.6653567,
      0.6413984, 0.6178723, 0.5948484, 0.57236, 0.5504353, 0.5290979, 0.5083728,
      0.4883006, 0.4689171, 0.4502486, 0.4323126, 0.415079, 0.3983657,
      0.3819846, 0.3657821, 0.3496358, 0.3334937, 0.3174776, 0.3017298,
      0.2863684, 0.27149, 0.2571632, 0.2434102, 0.2302389, 0.2176527, 0.2056507,
      0.1942251, 0.183353, 0.1730097, 0.1631716, 0.1538163, 0.144923, 0.1364729,
      0.1284483, 0.120832, 0.1136072, 0.1067579, 0.1002685, 0.09412394,
      0.08830929, 0.0828101, 0.07761208, 0.07270064, 0.06806167, 0.06368176,
      0.05954815, 0.05564917, 0.05197543, 0.04851788, 0.04526737, 0.04221473,
      0.03934954, 0.0366573, 0.03412407, 0.03173768, 0.02948752, 0.02736717,
      0.02538113, 0.02353356, 0.02182558, 0.0202559, 0.01881892, 0.0174993,
      0.01628167, 0.01515301, 0.0141023, 0.01312106, 0.01220509, 0.01135114,
      0.01055593, 0.009816228, 0.009128517, 0.008488116, 0.007890589,
      0.007332061, 0.006809147, 0.006319204, 0.005861036, 0.005433624,
      0.005035802, 0.004666298, 0.00432375, 0.004006709, 0.003713708,
      0.003443294, 0.003194041, 0.002964424, 0.002752492, 0.002556406,
      0.002374564, 0.002205568, 0.002048294, 0.001902113, 0.001766485,
      0.001640857, 0.001524672, 0.001417322, 0.001318031, 0.001226059,
      0.001140743, 0.001061495, 0.0009877949, 0.0009191847, 0.0008552568,
      0.0007956433, 0.000740012, 0.000688098, 0.0006397864, 0.0005949726,
      0.0005535291, 0.0005153113, 0.0004801234, 0.0004476245, 0.0004174846,
      0.0003894221, 0.0003631969, 0.0003386279, 0.0003156452, 0.0002941966,
      0.0002742235, 0.0002556624, 0.000238439, 0.0002224525, 0.0002076036,
      0.0001938018, 0.0001809649, 0.0001690167, 0.0001578839, 0.0001474993,
      0.0001378026, 0.0001287394, 0.0001202644, 0.0001123502, 0.0001049725,
      9.810596e-5, 9.172477e-5, 8.579861e-5, 8.028174e-5, 7.513013e-5,
      7.030565e-5, 6.577532e-5, 6.151508e-5, 5.752025e-5, 5.378813e-5,
      5.03135e-5, 4.708916e-5, 4.410322e-5, 4.13315e-5, 3.874992e-5,
      3.633762e-5, 3.407653e-5, 3.195242e-5, 2.995808e-5, 2.808781e-5,
      2.633581e-5, 2.46963e-5, 2.316311e-5, 2.172855e-5, 2.038519e-5,
      1.912625e-5, 1.794555e-5, 1.683776e-5, 1.579907e-5, 1.482604e-5,
      1.391527e-5, 1.306345e-5, 1.22672e-5, 1.152279e-5, 1.082663e-5,
      1.01754e-5, 9.565993e-6, 8.995405e-6, 8.460253e-6, 7.957382e-6,
      7.483997e-6, 7.037621e-6, 6.616311e-6, 6.219265e-6, 5.845844e-6,
      5.495311e-6, 5.166853e-6, 4.859511e-6, 4.571973e-6, 4.30292e-6,
      4.051121e-6, 3.815429e-6, 3.594719e-6, 3.387736e-6, 3.193301e-6,
      3.010363e-6, 2.83798e-6, 2.675365e-6, 2.52202e-6, 2.377511e-6,
      2.241417e-6, 2.113325e-6, 1.99283e-6, 1.879542e-6, 1.773083e-6,
      1.673086e-6, 1.579199e-6
    ],
    [
      0.0004076779, 0.0004977769, 0.0006064754, 0.000737004, 0.0008929388,
      0.001078166, 0.001296816, 0.001553159, 0.001851463, 0.002195795,
      0.002589775, 0.003036799, 0.003541926, 0.004111422, 0.004752618,
      0.005474207, 0.006285034, 0.007188068, 0.008181786, 0.009260417,
      0.01041303, 0.01162642, 0.01289884, 0.01423442, 0.0156408, 0.01712968,
      0.01871265, 0.02038394, 0.02212935, 0.02392985, 0.02576133, 0.02760156,
      0.02945513, 0.03133884, 0.03327575, 0.03529554, 0.03742705, 0.03967137,
      0.04201998, 0.04446166, 0.04698226, 0.04956742, 0.05221219, 0.05491387,
      0.05766919, 0.06047429, 0.06332195, 0.06619271, 0.06906185, 0.0719019,
      0.07468288, 0.07738452, 0.08003601, 0.08268524, 0.08538745, 0.08820537,
      0.09118925, 0.09431041, 0.09751346, 0.1007349, 0.103903, 0.1069639,
      0.1099676, 0.1129992, 0.1161541, 0.1195389, 0.1232503, 0.1273047,
      0.1316964, 0.1364178, 0.1414586, 0.1468003, 0.1524002, 0.1582021, 0.16414,
      0.1701373, 0.1761233, 0.1820896, 0.1880463, 0.1940065, 0.1999859,
      0.2060054, 0.2120981, 0.2183041, 0.2246686, 0.2312426, 0.2380741,
      0.2451798, 0.2525682, 0.2602479, 0.2682271, 0.2765005, 0.2850035,
      0.2936475, 0.3023319, 0.3109438, 0.3194105, 0.3278683, 0.3365263,
      0.3456176, 0.3554018, 0.3660893, 0.3775857, 0.389696, 0.4021947,
      0.4148227, 0.4273539, 0.4398206, 0.452336, 0.4650298, 0.4780482,
      0.4915173, 0.5054224, 0.5197057, 0.5343012, 0.5491344, 0.5641302,
      0.5792416, 0.5944264, 0.6096388, 0.6248296, 0.6399656, 0.6550943,
      0.6702903, 0.6856375, 0.7012292, 0.7171103, 0.7330917, 0.7489041,
      0.764253, 0.7788199, 0.792341, 0.804851, 0.8164747, 0.827352, 0.8376358,
      0.8474653, 0.8568868, 0.8659242, 0.8746041, 0.8829552, 0.8910274,
      0.8989495, 0.9068753, 0.9149652, 0.9233858, 0.9322325, 0.9412862,
      0.9502378, 0.9587647, 0.9665325, 0.9732504, 0.9788415, 0.9832867,
      0.986572, 0.9886887, 0.9897056, 0.9899849, 0.9899624, 0.9900731, 0.99075,
      0.9922826, 0.9943837, 0.9966221, 0.9985649, 0.9997775, 0.999944, 0.99922,
      0.9978793, 0.9961934, 0.9944304, 0.9927831, 0.9911578, 0.9893925,
